id,name,screen_name
1309257365351354368,밀양게이,Fr7veqgfKtv5ehk
1170216608297406465,sar5123,3FKRqlw5zOTs9mN
1364089233611190272,제니퍼,Jennife88460925
1222389848822054912,🐼🐼,eP1xV4ZQlb5a0lx
1112031985659043840,이영훈,mpXKDd373LaotHI
920530214618243072,.?!ㅂㄱ,Aaaaaa11096
1357273386083184640,FD소현,FD43292152
1220524706157064192,🍎🍎,kvdaPNdU2EQscsF
1260573401695035395,FD인연,fd79285583
844857653893345280,황성환,philip2431
2904098678,충북시민,rhfgdhsi123
1272482185828679688,도트남(MD),p9EThqu6z04vIkP
1183373779239456771,18남,3GYoQYtFYbxMjln
1281785614442979334,마스터이,HQ7AMPIyIMEucZK
1362816766074753027,jj,jj11933
1251507845150814210,펨돔 FD솔비👑 (온플후기),FD_AeJ1
1360605672698617861,내 비밀일기(♡♡),mysecretdiarycd
705907761133977604,이주한,dlwngks38
1343928631509192704,이문재근,GrvI9HMmvTYgJUQ
841203413132161024,𝓧𝓞,Xo_X0O_
1364908685324021769,유리,Uri_sexmin
1011647318808858624,Ed,ededrry
1368150042385641473,암캐 조련사,aWBzmYigaNGvRIT
1220741687477096448,박주현,hyeon0095
1363838210023976961,연이,y__eenn
901315166226178048,👅,An__B_
1188109433001242624,사람,2ysS6sBkluq9zT3
1120028316323344385,관리인🚫박제전문🚫구인중,zjavbxj1
1193986645927723008,FTforWomen,FTforWomen
1368138938620080128,고딩,seoyoun_018
1365099635706982400,JIU,JIU_brat
741882721681571840,당그니,opendesigner12
1076298170462687232,커닐보빨장인,off_1_love
996833730856603648,주히,1XEgaqfTUDkAHG9
1367100151018348552,일탈중인 여자,Mq9bB
1367727790020202497,김은비,BDufgKu5zlY6xJZ
1276328696085770240,💤,Fk_versace
1368148995520950276,yh,ZyR5QwHcWywg5hP
1322350508586119174,레몬쿠키,B1LUo4z4ftuBwca
926674590176178177,.,8xCbHqqkwshwqqq
1364089064345858050,나탈리,KaoriBecker5
4683082572,임선아,So2GWIHvPOBqccq
1348044718735704064,mj._.,mj76116679
887510264051924993,비밀,dron_pron
1294037925110231041,본인영상 1위 유유🐰,uu99uuu
1140620000127934464,하0,PuGtfKeaE19wMRa
1000019226529181696,김현수,DzNYGf7CIYaN7xP
781893371006558209,이승현,e6JPQZv92uHXHtR
1326261530971697152,꽃땅,8ZSDQDZaUp93NoL
1124339255155683328,🇰🇷,tprtmrk_whgdk
1368068316711948289,정효😃,W4CJYVB5XJCgWD4
908928453574930433,곱창사준다며,boughtmegopchan
1340158034861944833,ㄹㅇㄷㅇ,5lRCXa21DwkPo8M
1367856160997404676,ㅇㅇㅇㅇ,7rizVTDs6srgtly
1356682312608452608,자영판매 암캐송이,blU3KboIHNQ0Bdo
1278687538903781376,자영 사진판매 옌니,UjDORVXz6kpntnk
1347229435204825089,ㅎㅋ,Hej9kH1VKrl7FEN
1363462530752868358,hi9woong,hi9woong
1337613121356087296,102938,nevertheless248
1297410067164098560,희아,qoooheea
1368099630068629509,자영판매 발빨 오줌판매 주아,95qHovjC8CX5cn2
1339570818251026433,김연서❤️,UI00MLUE1gkBBmE
747806307164524544,다시롱,jlTfXk60MK6X8Zf
1351061797416140801,킹왕지,gt0I0IYTAvgileX
1337044859622973441,Brandy Harris,BrandyH25501377
1334141999230771201,そ͓̽ら͓̽,_g_osha
1138399853237530624,김가은,vhIVdjgfEiK7IVg
968145563160948736,오피정보,i_ytcd
1098198033160781824,아야아,m_ulqp
1349275397528014853,윤득훈,gbl17qvqIltElvP
1336228583056896001,통장 삽니다 매달 400만 지급 카톡 TJ82,400TJ822
1338639679587946496,통장삽니다 월 400만원 지급 카톡 TJ82,400TJ823
1076857358301552642,"키스하고 싶다, 섹스하고 싶다",nummorum21
1341014809244909568,통장 삽니다 달 400만 지급 카톡 TJ82 텔레 TJ822,4Tj822
1351799806721593344,통장 삽니다 매달 400만원 지급 카톡 TJ82 텔레 TJ822,Tj822Tj82
1352204539378581506,통장삽니다 매달 400만 지급 카톡 TJ82 텔레TJ822,Tj82Tj822
1009554552226344960,김동한,QHj85V8Mcie4phG
1362318870309052417,🎲ㄹㅏ인 P T 5 2 5🎲sm플레이 호구 병신 상납 상납 호구 인간지갑 조련 조교,PT525sm2
1362316555812413445,🎲ㄹㅏ인 P T 5 2 5🎲군인 군인섭 체대생 해병대 온플 애널 야노 구인 백마,PT52519
1311366137309835265,보빨좋아하는대구남쟈,cQrHVVh64YxRdhq
1364463523376500738,🎲ㄹㅏ인 P T 5 2 5🎲,PT52540353213
1340553496441982978,입보녀,Glory_HHH5
413117031,민서,hls12ebg
3043830996,이수진,sbuzegf
4821719179,지민,maodxb
818641584723873792,시현,td_1avdb
922159389577920512,99,kkoop13660219
1346079431085891584,지예🌷,HDseiYIpLJ3bGog
1133351807470596096,뀨우커플🤍,couple_kjms
2911682556,서혜정(cd),tjgPwjd
1351847964130459648,민희💕,suhi0016
1068710333701746688,이도연 MD,bn0jMGsHLcz9y9K
856074081401159682,송병규,K95sxTDI2WJIBAb
1342745356677701638,자영파는 연이❤️,junghanna0
1318055533400580096,배은진,xA6ztuMeRNYgPdd
867351101292425217,joung tae tak,joungtaetak1
