id,name
1298142413190361088,분수쑈원해?
817906374654889984,💜페티쉬물품 자영판매 연지💜
1292006434964570112,Minaaa
1262239731225489411,폰팅 잘하는 민지
1262239731225489411,폰팅 잘하는 민지
1277538196461465600,사과티비BJ야옹이
1066662913035788288,Assa In Inssa
1251830683225305088,폰팅♥ 전화데이트♥ 폰섹♥ 오빠콜♥ 콜~~
1066662913035788288,Assa In Inssa
701464311630135296,동구묭
1239867175734628352,ㅡㅡ
1217004518732288000,폰팅 성인대화 060-502-3500
1216984519800020994,폰팅 폰섹 060 501 5600
1217004518732288000,폰팅 성인대화 060-502-3500
1218381282620559361,폰팅-폰팅싼곳-폰섹 ☎.060-500-1813♥
1260411974883696646,tatoo.MD
1218381282620559361,폰팅-폰팅싼곳-폰섹 ☎.060-500-1813♥
1234819602313465857,멜돔
1218381282620559361,폰팅-폰팅싼곳-폰섹 ☎.060-500-1813♥
894761597226303488,밍
1217004518732288000,폰팅 성인대화 060-502-3500
1251847881260064768,폰팅-확실하게싸는곳-폰섹 ♥️060-500-4423♥️
1251838456604450816,폰팅 지금 바로 할사람~외로운 사람~ 요기서 나랑~
1292470296906092544,🏩폰섹 자영 C컵 하은샾🏩
1292669125395972097,음란한 유나
1282214060616908801,서울18남
1287374133714550784,MD. 남학생
1289960772693405696,제꺼 직쮝 사진영상 거럐해용 라인 mma0
1293752262112641024,SS💜
1269868955235020800,폰섹 온풀❤이온
1272566947096301568,수빈이
1283047018307493893,꺽정이
1177901669314465795,Ash
1191885800566218752,Yj
1260411974883696646,tatoo.MD
990793658113974276,Seung Jae Shin
1298193136779325440,바나나🍌
1287374133714550784,MD. 남학생
1289960772693405696,제꺼 직쮝 사진영상 거럐해용 라인 mma0
1297887373267595266,"암캐,암퇘지 조련사"
1298217175895818240,준준
1297887373267595266,"암캐,암퇘지 조련사"
825650311058509824,21주인
1290402048588931072,새미
1283946166929899521,광주변태커플❤️
1269158739673636864,Tino
1292715309770498057,므스
1297484280998715392,00_bigeye_msub
1277675704004427776,하연💜
1297826491867131905,회긱
1292393744340152321,소중한것
1297790938224435200,아부다비에사는 변남 색쮸
1241970427208945666,풉
863791714024042497,순간순간
1220881262182715392,혜린
1252625959359967232,폰팅 죽이는 목소리 역할놀이 할사람
1294899498204852224,염
1294611865599766533,남자변태
1293766822584410112,하율
1197069350143840256,야동 야한동영상
1282669511305392128,나쁜남자
1291332225162596352,MD다정한주인
1297891311345836034,영상 파는 윤아
1297554408599719938,판매계
1273508898129932290,대구경산30
858657492569432064,아아아님의 노예
1292102858033311745,❤폰섹여왕 소민❤
1291990317860716544,☝️온플 1등 다미☝️
831434422956212224,서우
1292285982977400832,자위하는 지유
1297096243957469184,변ㄴ 은지
1195557369687658496,rblud
1199237172592701440,너인성에문제있어??
1294615805947043841,❤
1298243733054353409,앙
1298242731026784262,shsbdizbwv
1286879020777267201,아영
1295148099103416320,아잉
1282242147236802560,16 ㄴㅈ
1291347921724563457,수
1103663592799272960,아름다운 딜도
1049685220973142017,땔감
1298245785918664705,스트합사
1227278497766199302,폰팅폰섹 060-900-0009 좋은여자 착한여자 은꼴대화 폰팅폰섹 언제든지 야하게
1197492817498476545,야동 성인동영상 포르노 섹트
1294641962402738177,MSW 수민
2906757745,바로나야
1290647584151920640,21주인0
1298258595994189825,🦝너부리
1288563749830320128,윤이
1286959012047536129,Mm
1293108350645710848,mbczy
1286499693728391168,🟩🟩🟩🟩❎
1297545729200672771,효신05
1205877342058377216,은아
1237658139136147457,폰팅폰섹 060-900-0060 폰팅폰섹 예쁜여자 섹시미녀
1291286386222407680,ㅂㄴ
896447292755951616,심심해요(게이)🏳️‍🌈
1297537246610911234,키켘
1297960997613785088,수진이
205785519,likecdtw
1222740841376038912,개인 취향 딸감 저장소
1224984582748917760,폰팅폰섹 060-909-9799 청순미녀 섹시미녀 대화방
1289106442650173445,Violating Account(능욕계)
1192080406163542017,일탈하고프다
1144738552950824960,...
1298264191900381191,주인
1280782210602201088,rose🌹
1267388464917442561,MD 23주인
438682173,s010kk
1295615469651554304,야동판매
1279086277426438147,운동이 취미입니다
1287363476105486342,얼싸
2941952354,수아
1252100422363344896,0
1298234809504866307,17변남
1295728328687538177,하앗♡
1295394449455902721,유진
888369260568784896,고딩
